,gender,n,pct_total
0,F,316740,0.869481670995
1,M,37075,0.101774429981
2,,10471,0.0287438990244
